name,surname,age
Kristine,Bowman,19
Marcus,Pruitt,49
Barbara,Freeman,67
Jennifer,Lee,36
David,Taylor,67
Sara,Johnson,70
John,Harris,48
David,Melton,36
Wayne,Long,49
Adam,Kim,81
Jason,Torres,79
Margaret,Aguilar,25
Valerie,Arnold,67
Matthew,Pearson,38
Toni,Arnold,31
Heather,Dudley,73
Morgan,Anderson,60
Lori,Smith,25
Megan,Spencer,45
Jonathan,Dyer,25
Carolyn,Dixon,74
Dana,Vaughn,24
Jessica,Patel,43
Christine,Espinoza,79
Teresa,Ward,85
Danielle,Howell,80
Caleb,Johnson,25
Tyler,Cox,73
James,Pratt,41
Kendra,Thompson,46
Jason,Adams,79
Jeffrey,Peterson,76
Ross,Douglas,59
Jean,Turner,58
Hector,Clayton,26
Chelsea,Watson,19
Ricardo,Calderon,85
Lori,Marks,19
Shannon,Caldwell,40
Kayla,Elliott,25
Shelly,Castaneda,60
Michael,Sanchez,58
Rebecca,Powell,53
Ashley,Davis,42
Travis,Vega,22
Dean,Carrillo,71
Lori,Anderson,24
Sara,Figueroa,63
Kevin,Lee,28
Allison,Mckinney,61
Darrell,Johnson,73
Dr.,Gary,20
Evan,Molina,53
Timothy,Grant,42
Richard,Porter,82
Dylan,Russell,47
Jimmy,Jenkins,19
Adam,Phillips,31
William,Hubbard,30
Allison,Tucker,75
Roberta,Davis,68
Andrew,Moreno,20
David,Hancock,31
Erin,Gill,62
Melanie,Garcia,18
Katherine,Dunlap,83
Daniel,Wright,41
Matthew,Huffman,18
Michael,Arellano,56
Derek,Mitchell,80
Clayton,Lyons,32
Todd,Green,26
Timothy,Logan,81
Thomas,Thomas,57
Sarah,Monroe,52
Andrew,Carter,63
Edward,Johnson,35
Heather,Booker,73
David,Brown,63
Dawn,Lewis,63
Tyler,Pacheco,39
Stacey,Kemp,46
John,Mccall,68
Jesse,Lucas,66
Andrew,Thompson,42
Cynthia,Hull,56
Jason,Williams,83
Jack,Stanley,46
Joseph,Mejia,78
John,Johnson,63
Yolanda,Perez,35
Marvin,Oliver,81
Brian,Wallace,73
Richard,Anderson,42
Lisa,Dunlap,74
Sara,Franklin,30
Jessica,Allen,24
Rhonda,Brown,21
Kevin,Sanchez,48
Jason,Robinson,65
Derrick,Phillips,67
Darlene,Williams,42
Crystal,Daugherty,62
William,Moore,57
Brandon,Barnett,48
Kyle,Garcia,51
Chad,Hobbs,46
Melinda,Ellis,49
Derek,Cisneros,78
Elizabeth,Nunez,46
Cody,Berry,80
Elizabeth,Ballard,65
William,Beard,85
Michelle,Dudley,80
Deborah,Alexander,84
Tamara,Raymond,36
Heather,Curtis,68
John,Kelley,46
Ashley,Dunlap,53
Omar,Pennington,51
Benjamin,Anderson,19
Kristen,Wilson,79
Troy,Burke,36
William,Nichols,43
David,Clark,68
Connie,Gomez,75
Heather,Edwards,43
Devon,Gray,41
Paul,Huff,37
Patricia,Mckinney,46
Terri,Hughes,75
Richard,Brooks,32
Steven,Jackson,23
Jonathan,Whitaker,46
Gregory,Mcmillan,31
Kathryn,Wilcox,79
Kayla,Carroll,84
Jill,Brown,82
Heather,Wilson,28
Patricia,Pennington,84
Virginia,Carey,83
William,Hughes,62
Tyrone,Hopkins,76
Jennifer,Leon,82
Alexandra,Mendoza,54
Greg,Williams,55
Connie,Shaw,67
Keith,Parker,57
Chase,Zhang,72
Chad,Carpenter,35
